Date,Title,Link
2026-07-26 21:36:21.295942,India’s food processing sector poised to become a $600 billion industry by 2030: Report - DD News,https://news.google.com/rss/articles/CBMirwFBVV95cUxOX1NrWU9oZ0Q4aWhEUTFzMU9COU1FWm4yTmx1bTVHeV9KbTNCUEh0Q1d5NndnQ3VpZ01XcmE4dVpBMUVzYjdtam0wTjU4RDQ4WHRzVkhFOWcwdUZpRzRqTmhLOEtnNVVKeFMxak1xREt1aFVxMTVUX01sMFZQWnRGU0pNTlpHTThET1BCVndObTA0cW5WbDBxeUZad2NVRmVGZ3FKb3FOUDlMOXFZSzRN?oc=5
2026-07-26 21:36:21.295959,"The 1st Edition of Indusfood Ahmedabad 2026, organised by TPCI, inaugurated; the aim is to strengthen Western India’s role in global food trade - PIB",https://news.google.com/rss/articles/CBMiaEFVX3lxTE9VQUh2SE05U1JBQ2x2SVVYUlVyWHNwU05tdzh2eVkzd0hMSmEtakFKY3M5Zkhieno2eTAxZUVuTzVES1FkU2xFV3hsR1pqVmhLN1M5Tk41YWRiQm51NEN1d0tzUm1ydmYx?oc=5
2026-07-26 21:36:21.295965,"Food Processing PLI surpasses investment, employment targets as industry capacity expands: Govt - ChiniMandi",https://news.google.com/rss/articles/CBMivgFBVV95cUxQR2p5ZTZ0YXY5NW5QWEdjLVU2V3RLaTNNbDg4SldWU3ZycUJyYkUtQ0ZVWU1QTkVKMmxkUkc1NWRpZW14V3RJUU1lc3doVjJBcjZrUFdIMGYzSmdDck9vMmhzdHJZYWFFQl9hRFlQRWxhUUlORjFlUXpjeGNlV19QT2RfUmFpS0tuQ1ZSSlFrVXdBZ3RSMzdYcTBRMU5rbjZzRERxYnEtZkpXM2pGb0MxTmlCLUNFSE5Oc1pPSG5B?oc=5
2026-07-26 21:36:21.295970,FSMA Final Rule on Requirements for Additional Traceability Records for Certain Foods - fda.gov,https://news.google.com/rss/articles/CBMizwFBVV95cUxOLUpFeElsTVhoSmhiSmk3bDI3ZWJucWxHd05jN3FXRUNSTGtoSHB1VUpjMTd3aktFMlpsQWdNRF9hU1V2bU01Y1JoZWdWeXZNd05mLW9XX2s3Qk9vWGwtV0o3bm9EUXpFbXAzN3Nsb2VOSGtUNmJqa0dJTHJSalNSNnlxUDNZYzZKblcwMVEzcDY3b3pvb0hSUFdqNlBfN3BFZWlPVXIxdWJmcDQ5cmVKcnh0NERYLVF3RUlaNVBwdWlPYVF3QzhvUGtpeTFSSzA?oc=5
2026-07-26 21:36:21.295975,"‘If all else fails, sue’: how ultra-processed food firms are using the courts to obstruct health rules - The Guardian",https://news.google.com/rss/articles/CBMipgFBVV95cUxNYmJSU1RxRmtmaTVfVXQtLUdSSzZTYldaMTZlMS1iVEhic284YTNRVVhXMEpJUWM3b1ZvaXEyS212WWduTmM2WVFqYXJUS09ZY2J2Q3B5MWM4NXM4OU1md2xWLVVoczhVVTFZejl3ZzRGZnd3YkY3M0dUSE5pZlVRR1hsUGFyY05LT2lRakJfcjV0cGNjMXdYUXMxYWRuSmE5QlhRS1Vn?oc=5
2026-07-26 21:36:21.295980,Andhra Pradesh Food Processing Minister T G Bharath highlights technology’s role in food industry at FICCI Foodworld 2026 | Akashvani News - News On AIR,https://news.google.com/rss/articles/CBMi3wFBVV95cUxPVjl0M0Q2WHlxR3RaR0Y5bFNlN0FLNXI0NjJtdWM4cTBHZERzaWxUdmZwZW5TaHhGUURISFBlbnE0ZllMZDJwUmxKbkFaSExtbW03aDh6NS0zTWRDbVEweGFCR1Q1d1lVbG12TFVJd2ZsdGpjcTZUQVY3SFJRR1IwVTFkZFZnTUIxYWVNekRLNlFzbGFJMFFDaXdoRnRHb2NnTXIyWjNYb1hXaUktUTFjWnc3SVNpMGNJam9hREZ5eFdfOVhQajZ0SGRJMmFXZHBBWmJqY1V1RzB4U09UYm1B?oc=5
2026-07-26 21:36:21.295985,"FSSAI suspends licence of Westend Agro Products for altering expiry dates, other violations - The Economic Times",https://news.google.com/rss/articles/CBMiggJBVV95cUxNOHkzRDlJVHlWZlRKX2I3Q1R1Wmd4RXpBNW1tR1NTOHlLQVJwVmxleEpDX0xUNmhkbFFhbDNOSjZGa1ZpeVh2SUs3RGZRY2tjcXhKMThSVmx0TzgtbWpJUWY5a0JTZXo1SVFUaDQ5UFdOU3dKbE03dWVnVU5EeHFiQ3Nia1Q0b3JXWENNMjllWEFZQTUydUZXVzd6VU5oMm0xWm9fZmZFODZUYnVJLU9sOVFpd0M3Ry1UQWF2WkVZdWpMeW5oeFJFZFc4dWFiLVVnbkRXT1RBc1lqVFBPNEFnTWQ4TTVZNEhvY3h5X1V5ZzBUd0cxbzhQUlFqWmVkZElLTkHSAYcCQVVfeXFMTklLeTlZU3YzQ2tFcE5FaUNBVGhmZm5YOTc2SjQ0U1VXLWJJRHdsZXdDLXI5M2RJaTZ4NHNkVVBta2JTZ3ZIeFVEVlBmdVJqa2dVNTFwTmg1V3JMX0p0V2pqQUdRNHhVNmtmd1pEUW9WazU3aUM0RE41dU94WXQ5RS1jVlF4WERSYjZfNEo1ekhUcnZrZnhKMWFEc3lleW01aFFXZWllekhsd1pveDlrY2dqYTRENUJIdmktSkZDSEpRRGJJU0FRX2pybnIxaVhURXBmdEFnQjUyd0NPU212UXk3Y1VabmZoYnRXRWY0UkZUaDkwMU5PQ24tR3N4Y055c2ZUS1VHVWs?oc=5
2026-07-26 21:36:21.295990,"Robotic Food Kiosks & Vending Market : Global Industry Analysis and Opportunity Assessment, 2036 - Future Market Insights",https://news.google.com/rss/articles/CBMiiwFBVV95cUxNUjRxb2piOFV6YUJEcFJEYzE5SXd3ZkFocHBJbDhPU05CZE0zWlhCRFFXRGo0MVpNZXZDcEJDbjQxUmhvNFFQV2hLc1RneG5yT3lsekxvYnk5cUpVRjhRdDhKVkNKOWJfUk1NYnNwQ192cDJyeW16aTRDOUZ3SWtIbnVqYmMwbTZkd0lr?oc=5
2026-07-26 21:36:21.295994,How the food industry is optimizing AI investments - Grocery Dive,https://news.google.com/rss/articles/CBMijAFBVV95cUxQLXRqSm85aUNEd3lzclRtdlBUQWxkT3JKdkFFMWtyaVNFUW9LVkpHM1I5WFo1OENRQ09zWlZ1THFsQ1o3Rm1jVmVNTThXaFBncTc3UVJnVWJ2cDdDT25EYnBjODBrbWVDeHZTUGxzQXY4X3YzUk5STC1TZVp3elZLc2V3RGM3and3dF9PdA?oc=5
2026-07-26 21:36:21.295998,"India must shift from production to value addition, says Chirag Paswan on India's food processing industry - Fortune India",https://news.google.com/rss/articles/CBMi6gFBVV95cUxPT2VFQTkzLWRLcnJGZHpleEYzTUZCUy1WZy1mampzcnJxU2FDdEJ3ajZzYkFoNVh4eDBfNHJhOUxscy1DQ1JXR2VXVHBaXzRzQ1U2Rk01R01Nb3BNMkR1VVcyWVFoNDhaMzFoWE9uSEJRQU1YS2c4UkRtX09uTlREbWNtOENPdUFkUmRpTFJub0lINUNvY1BqQUUtR2ZLSk8tWkt0dUVzbXNVcmJ0TV83eTlRejQxcVJSWDZNNGZHM1d1WmN6eDhRRHFhcHo5UzhPbDNQUkVqalU3NGdmRWtOc0FySmhmRTFCS1HSAfcBQVVfeXFMTjN1WWpwbUFOa0xmVmZ3bHpVcXdKWWk4UHpOaFlvbGhBSnE0MDFoRVNTdkZFREF5Y1Atbi1xUFNQdWcyTDdfUEVkSU9PMGtsSS1MQ0I0R1dHRUJFdTgxbENFWHhEaTdpeGtfSHVRSG8zNzdjb1RiVHpIanZZVmlheDlhWklPMmducGhpM2FUb05ucGtEai1NUlQ0UnVpak9rWEF3ajhZaFlCbjBCVDcyN2FMUkFIMVZJRkVRSnRGVV8yZ3VBRVBxdElndjBpekcwUmU5WDdvb3VzVFVXU3UwSHFVSGlSa1NNcGtyUFlYU0s0cFZEMU1Jcw?oc=5
2026-07-28 19:14:30.650030,Al Rabie Saudi Foods : The Choice of Champions - Food & Beverage Outlook,https://news.google.com/rss/articles/CBMiogFBVV95cUxQSC1jS1oxTmFzUXJlSGtGR3VKZVBRSVpGYjk2eThma2c0VG5BMm9ERXY1T05NMVE1MWdZdTI4MWhVNlFxNzFpRmgwdE05a245c0dURTlnMV96clZ6dUdtSkxGLUhuVnRTcVJxNGNNbGJ4NHl1WEpSc1JpOGdhWjRVMlg4cFR3UDRreXRSZUtVZ1EtYWhIMzBQc1R1RUw0UVRjX0E?oc=5
2026-07-28 19:14:30.650033,Has protein become FMCG's new premiumisation engine? - ET BrandEquity,https://news.google.com/rss/articles/CBMizgFBVV95cUxORmRCNnR0Zm13QzlRYUNGNTRYd0hUVTd5b3BpUlQ4UzdlbVNLWklGdC1rTWRNVjNfUXpNbG9RMkZrWnZnLVU1SFFxY09hSTg1SXpnLUFuelA0LXc3QWJvdk42LVVfYThaSVM0dHgyLUxTVlZRSF9qZ1BMZTM0cWNjTW04X000RlFsQWFrZGdLRG95TWg1NmoyNDllQ1RaOGRFQV9kNWlYMzNyQ2hLUHBMczJ3N3Jvb3ZpRE1VMzh4MDdmLXFuX2ZFWHpTaVFhQdIB0wFBVV95cUxPZHhSaFlpUWJaREcyNU9CZXpxZ1d6NXRSTHFJY004dUxaLXpOME0xc1RQeGtfc0hGbG13UW56TnhnZ2I0TlRWNm5vR25jMXhCX3R5OGxEcm1QR19DNlhDZ0tHTWpBZ3gxWFZTR3FOQWIxdTFpSXRxS3l2YWk1eW8xSU5ueHB1cWs4Ml9HOVk5NXBNeVMzcE9FdE9BbGpHLUloMmxKQndTQm9qaW1wTElYX1Z1dk9yNnY3blhWUWFvNmgzZlFPclhmMVFYZVhwZnRScmRF?oc=5
2026-07-28 19:14:30.650036,Innovation and diversification helped a Peruvian company go global | D+C - Development + Cooperation - dandc.eu,https://news.google.com/rss/articles/CBMigAFBVV95cUxNQlZwR2kxcmpEVGM0dXpEcjlfczY0WjJYMDRIdi1zUTlUcW9lcVc0dTFrcm95RkZlcHVLbklrVUZhcFZVS21YVHVwV1c4cVFNNWFrTEtEMFlwYXRVX2E0S1ZFd1JBVHR1MWxveWN3Mm1ySEJVOXZSc2lPOFlKOHNyTw?oc=5
2026-07-28 19:14:30.650039,Researchers Propose Listeria Biofilm Colonization Hypothesis to Explain Persistence in Food Processing Plants - Food Safety Magazine,https://news.google.com/rss/articles/CBMi5wFBVV95cUxNZUx1RF9Eem5EN3BMcElCbFJwWWg0T1RXUUduSUFxeUpFbHNmMXdWbXpZeWJFak5BN0NiSWhkZlUwdTRiSlhKcDlNcmR0VF9iWlZrNmhBVnFtQVdOYXRnV21wSGNSSk5Vck1OUXA2OFE4SzFtU3NhOUx6QXphZ2EzMlNKYmt3YVpDb0Z5RzItd0wzUXJEQUVtVnQxbnhSdW1SMV83ZmxaUW1qSFpuSmxmWTZSNWlic1dkNnNmOXp0Y3VRVnFVclBkcmk1ZjEyeWNla0FlQ0hxMHVIRU5VWlVERUdZZDZRc0E?oc=5
2026-07-28 19:14:30.650042,Integrating quality assurance into pet food production - Pet Food Processing,https://news.google.com/rss/articles/CBMipgFBVV95cUxNbHZTbHVFZjE4SFBaZDllSXZMTUQ1b2NWUjZRblUtUVJLMDQ0ZTdPWmZDdGM3Q2FERWJ2b1NyaTlFbmNGVU9UZUk4ZTZCRmg2VlAzSldodXJkcXNUQ0MtajdJUlRVMldZaFJYX2hXbWF3RDdBSy0yclFNeGpFNnpEREh4dXN1VUJFeEVpVVY3YWRDTC1JNEdndV9kQU5yZ3hpUzJ2cVd3?oc=5
2026-07-28 19:14:30.650045,Spam maker Hormel Foods elevates insider to CEO - Food Dive,https://news.google.com/rss/articles/CBMidkFVX3lxTE5xU3RSRlV5SG9GUUVtQURzUVVDd0FkTzFOVDFSRnRta2thTHBrTEo4bS0tNHE3REpQMGdkeW1rOUp0ZVpzc3ZMNUZjYllMYW1rMDVjQ3o3Ylk4Nmk4S0lEUk5Gb2JVUzU4MGFnNmFIS21udGt0SVE?oc=5
2026-07-28 19:14:30.650048,Dry4Good expands natural ingredient production tenfold as clean label demand grows - Food Ingredients First,https://news.google.com/rss/articles/CBMiyAFBVV95cUxNZ3JPTkVnSmhJMjl4eU5KX2ZxNERWVXZVRllLOGduZzJFbHVMaTFXWDg2TVJaY3lrVl9mVnYwMnh5QUE5MU1CZERFSDNNbk1NcDVsakEycnU1YkZBUEtleFBUN3NkQ2NBTUVja1pnRjczNUtqMlJoN1k5XzRGdklrMVNkOVk3a3JweWRJTU5zT21WWlM2T1dUZ3BWYnV5V0ozOGc4MmZvcUo0MXN3Zm5YelVKZk11ZTNzSXc4bTcwN2g2Y1JtYnJTQw?oc=5
2026-07-28 19:14:30.650050,"Food industry consolidation is spreading the cyclospora outbreak farther, experts say - qz.com",https://news.google.com/rss/articles/CBMieEFVX3lxTFBaNUtWWENCM1I4TldkUFRLZzJBVmdGZjdLZENtb2h3Skx4dDVwYjFScnlfRlZScUZ3a2FOOEd0VWNvQUdaTzVWaDdySWRBRkhlZkw2T3RLdkZOTkZleGhMS3N6Z0NmNUhNR3IxRVB0WTBjVFBHNVhFUg?oc=5
2026-07-28 19:14:30.650053,Lower Saxony Prime Minister Olaf Lies Visits Emsland Group Emlichheim Site - PotatoPro,https://news.google.com/rss/articles/CBMirwFBVV95cUxQOElOeGFtSHJ1Z00wWlFWbktvNjRqY3pWV3JOM0NXd25rTjVBaHBXU1BLLUVxb1RESWNoOG9sUFFDZ3laR05WdERKRGFVdnhXc0ZFLTduUDgyQ3dEeHVfUzEtTGR5QWV2Qkk1WHZ6NEI1SWVEbTlDV1JTZ1hIb18weUh2OGlXYk5sTGNrZlRTVExwZ0lGVmlOX3JhWk9OLTJwS1d4S3pGNGZldC1vQm1N?oc=5
2026-07-29 20:26:02.706428,"Fermentation-Based (Biosynthetic) Food Colors Market : Global Industry Analysis and Opportunity Assessment, 2036 - Future Market Insights",https://news.google.com/rss/articles/CBMimwFBVV95cUxNOXl0VmpDQUlERWxOMW04NmJMOVhFMVFKOEg3U2hGZGdlYWl0MS05cWJFUkFaUjQ4TnhKMFR0R1EtY3BfRkJjSUo5bTFzT0JJZlZhdGdDQ1l5SE5GQk9UbTJCZzBXMDFhVWdxVFJzX3BUZ1NEOVlmWEt3LVR4ckF3ZkM5cnFzTmxFelJrZXJXek9NdXZUcGxuQ1N6OA?oc=5
2026-07-29 20:26:02.706436,🌏📈 Brazil's strategic pivot to Southeast Asia takes center stage at FHI 2026 - The Southeast Asia Desk,https://news.google.com/rss/articles/CBMigAFBVV95cUxQM0p2M0xnR25Yc25sN1ZOX2pfVVhubWV1RUNJSktOeC1fbU92aXotbjZxbS1NTTlYTTFfb0pBVTA4SkJ0V3U4dUppUElpMFRTSGxZQWZZMWE2cmRYQTVUSnl0Q3l3dTlvMGZMc1JEWVVsaHRyd2RrVy1OdnV4dVJfUA?oc=5
2026-07-29 20:26:02.706437,Nestle getting back to basics - Food Business News,https://news.google.com/rss/articles/CBMigwFBVV95cUxNaVAtaHIxcTVLVS1FMXpmcWRaUjhGNkxtS1I5RFo1YnlUeC1HV1B1N1pjU0h0MVJ2bmpJTWhaZjRYSFdzZWQzaG9aeE5EY0QyUVhRUUVZcUFyNXlJOFo2ZDFsSjVrdzJhUGNtOUxDWTI3ZjZRajdjdnNCSW9zTjliNDFudw?oc=5
2026-07-29 20:26:02.706439,"KPM Analytics Introduces SiftAI® FM HD Platform with Smarter AI, Enhanced Hygiene Design, and Clear Plastic Detection - PR Newswire",https://news.google.com/rss/articles/CBMigwJBVV95cUxQSGJDWkVnb3FiNzNNdFZDVlVSOGVOS0dvVndJX1ByOHN3U29zcVFNeEt5MmU1dHhhTmxVX2E5LWtHY2IyMnNESXFYR1BVYkxjZ0h6Y0lVZWZwU0VXbjg3b3ZHNUQ5c0ljRUFlbjZZTmZHeU56UnpRTThZVnpaR0dzMkFvWVZiWU15Q3lZXzN2eWZlbWdydHFjZnMwQTd6NmRiWVJmQmR6bUVLSGpRbnA1Z21RSGZtRXB1NDI3M0x2NUZGSFN0dFI3RGlWdlhRa0tEZDRrZjZGQUtraEZKY2VCM1F3TzVaRy1UR1VXQzluUlhveFQyZmk3X0dkR1I0MmR0Ymtv?oc=5
2026-07-29 20:26:02.706441,Industry logistics firm Bretts Transport retains highest food safety rating - Confectionery Production,https://news.google.com/rss/articles/CBMixgFBVV95cUxPNWtDdjFUcEd4RGtJaEpfVk1lbmdCQTBndnRXNUl1bDBOSlFDS0otWExWYmZMOWFQMnp0YmlhTVl2R3ZvOEFmRjlzT0hfSUlMaEtid0pvZnM4TGRoRHp6b3pvbUxScE44NjBMeDRqRThqcFhuSUhzNVZtT0hzckNJcmRpZU1KREVIcFQyX0E3SVRaZjNMTkNndi16U0g5ZmlGeVplT3d2V0hCUTNXbVd4c2gxSXY4cXIwMkhrZHY1NHVFempqZlE?oc=5
2026-07-29 20:26:02.706442,"SUJALA Foods Expands Product Portfolio, Bringing Bengal's Authentic Food Heritage to Modern Indian Kitchens - Ahmedabad Mirror",https://news.google.com/rss/articles/CBMi5gFBVV95cUxOTTZ4amRRR3g1ZS1PTllJcU9LUG5ON3d2LWxQa01JaWJZUXd0QlAyRFM4bFJuVmtIM19naEpkNmRQZ0xtVHgzemlUZUMtVDVYWnU5anAyMTlzQ2NlVUlNbFhSRUhXcU5uNFp4ZkVhUkpMbW11ZTh4YlQtZzhQdWF2ZVI5UnIwbHZ6eklWTHZYUy1HV244MVRlYU03T1ZLcXpaeGlMY0x6RmQtVUJpc1QzaV9ZRDA4UUhDN25oZjRGdlhSbXJWam9sNllCTFlsVDF4eXVvemRxc0RLbHA3dTF2VEFxa3Ytdw?oc=5
2026-07-29 20:26:02.706444,UK Food Safety Incidents Increased 14 Percent in 2025–26 - Food Safety Magazine,https://news.google.com/rss/articles/CBMinwFBVV95cUxQdTNtZlhibkY4cVFxWTY4Y2t4M19QamVCYXE5YVFhaHZiWG1GV3FEdXB2Xy1FTDhmRm41ckNBakcyMG1YUVN0bVg5WE50a3ZYX0l2dFJnUkVPTTU2S09fSFJOdklVWHo5Y01DTVd0c3pyQS00bFd5ck40QUY3ZGUxSVZRU1ZGNDNZTGlqTGdGeFRRQ09nMWthdjNFYVd1Qms?oc=5
2026-07-29 20:26:02.706445,Report: Dog owners embrace value-driven spending - PetfoodIndustry,https://news.google.com/rss/articles/CBMizwFBVV95cUxNRmRLTGxtS3E1elByUXJUN1NBR1U4clFzOHR5Y29veWRaOVV0SkpxbFJDTFpSY3k2RzEyM09wNDUtWTM0TXlsS0IwNTdPMGNCUTRRV2hYZ1RPdkdWUTYxbk81S25XTE5YbHpwVVVFazE2TTBMWUpjeVlBUlZqYWlQZS1OdGVsQ0V4RWt1bGo5aFh5a0ZDU0RBVW13OGxOWmlLVU1jdTdaMDMySm54ZGZHSkxqVTB5UXowellqR1loRVNfbjJJSHE3c0FEUldDNWc?oc=5
2026-07-29 20:26:02.706447,Women in the Pet Industry: Meet Elisabetta Pierangelo of Mars Pet Nutrition - Pet Food Processing,https://news.google.com/rss/articles/CBMiwAFBVV95cUxQTkdTVlVULWdXZ3RMMjg4TS1WUVZCM3NxNU4zUE1iQnVCa2t3cHd3VDI2WGxCUDduRVVJN1gxMmJzTjVBTjd2XzJEQ2V4UHhMdW8zMC1XSS1Ca2ptTG9EZUZUNzdiSXVndGpPdGJqR2RZaUxZeUwtdjBEZXRUTnFiVjVzNG9WLWEzQ3lyNDczd24xUFNDc3NQaTV0OE1tVTF6ckE0OTgyeHpqdmxrSUN4b1VtdlRtbHRxaHRPSFNVNWU?oc=5
